expression,meaning,example,domain
((big*sma)*den)@vis,hierarchical visible structure,((big*sma)*den)@vis = pattern,physical
((ero*wea)*tim)@sto,stone erosion over time,((ero*wea)*tim)@sto = geological change,physical
((sol*liq)@tex)^0.7,textured gel with firmness,((sol*liq)@tex)^0.7 = gel structure,physical
(har*sof)*tex,hard-soft textured,(har*sof)*tex = complex surface,physical
(har*sof*ela),triple property,(har*sof*ela) = stainless steel,physical
(har@sol)*(sof@liq),hard solid meets soft liquid,(har@sol)*(sof@liq) = interface,physical
(har@sol)*sof,soft-hard composite,(har@sol)*sof = soft shell core,physical
(har@sol)@tex,hardness of solid texture,(har@sol)@tex = structural strength,physical
(hot*col)*pre,thermal-pressure shock,(hot*col)*pre = geothermal,physical
(hot*col*pre),extreme conditions,(hot*col*pre) = harsh environment,physical
(hot*cold)@pre,thermal pressure shock,(hot*cold)@pre = stress concentration,physical
(hot@fir)*col,thermal gradient,(hot@fir)*col = temperature shock,physical
(hot@gas)@pre,temperature of pressurized gas,(hot@gas)@pre = thermal pressure,physical
(liq*gas)@ruf,rough foam,(liq*gas)@ruf = coarse bubbles,physical
(liq*gas)@smo,smooth foam,(liq*gas)@smo = fine microfoam,physical
(liq*gas)^0.2,loose foam,(liq*gas)^0.2 = light mist,physical
(liq*gas)^0.3,light mist,(liq*gas)^0.3 = thin haze,physical
(liq*gas)^0.8,dense foam,(liq*gas)^0.8 = thick bubbles,physical
(liq*gas)^0.9,stiff foam,(liq*gas)^0.9 = meringue-like,physical
(liq@sol)^0.6,partially saturated,(liq@sol)^0.6 = damp material,physical
(mel given hot)@sol,molten solid aspect,(mel given hot)@sol = liquid-solid boundary,physical
(ruf*smo)*vis,visibility of texture,(ruf*smo)*vis = visible finish,physical
(ruf@sto)@ero,roughness of eroding stone,(ruf@sto)@ero = degraded surface,physical
(ruf@tex)*(smo@tex),surface texture mixing,(ruf@tex)*(smo@tex) = mixed finish,physical
(smo@tex)*ruf,rough-smooth mix,(smo@tex)*ruf = textured smoothness,physical
(sol*gas)@coa,coarse powder,(sol*gas)@coa = sand-like,physical
(sol*gas)@fin,fine powder,(sol*gas)@fin = talc-like,physical
(sol*gas)^0.2,light dust,(sol*gas)^0.2 = barely visible,physical
(sol*gas)^0.8,dense aerosol,(sol*gas)^0.8 = thick dust,physical
(sol*gas)^0.9,dense cloud,(sol*gas)^0.9 = thick storm,physical
(sol*liq)*(gas*pla),condensed-gas phases,(sol*liq)*(gas*pla) = phase coexistence,physical
(sol*liq)*sti,sticky gel,(sol*liq)*sti = adhesive semi-solid,physical
(sol*liq)@tex,textured gel,(sol*liq)@tex = jelly structure,physical
(sol*liq)@vis,transparent gel,(sol*liq)@vis = clear semi-solid,physical
(sol*liq)^0.3,weak gel,(sol*liq)^0.3 = barely set,physical
(sol*liq)^0.5,partial gel state,(sol*liq)^0.5 = slightly gelled,physical
(sol*liq)^0.7,stiff gel,(sol*liq)^0.7 = agar-like,physical
(sol*liq)^0.8,firm gel,(sol*liq)^0.8 = stiff jelly,physical
(sol*liq*gas)@tem,three-state system,(sol*liq*gas)@tem = thermodynamic,physical
(sol*liq*gas)@tex,textured mix,(sol*liq*gas)@tex = mayonnaise,physical
(sol@liq)*tex,structured composite,(sol@liq)*tex = suspension pattern,physical
(tem*pre)@crit,critical temp-pressure,(tem*pre)@crit = supercritical fluid,physical
(vis@gla)*opa,transparent-opaque,(vis@gla)*opa = tinted glass,physical
(wet*dry)*tim,moisture cycle over time,(wet*dry)*tim = seasonal,physical
abs@gas,abs property in gas,abs@gas = abs of gas,physical
abs@liq,abs property in liq,abs@liq = abs of liq,physical
abs@met,abs property in met,abs@met = abs of met,physical
abs@sol,abs property in sol,abs@sol = abs of sol,physical
abs^0.9,high absorption,abs^0.9 = black body,physical
acc given fre,friction-limited accel,acc given fre = tire limit,physical
acc given pre^0.9,pressure-limited acceleration,acc given pre^0.9 = flow restriction,physical
acc^0.7,rapid acceleration,acc^0.7 = high-g force,physical
amorp*cryst,amorphous to crystalline,amorp*cryst = crystallization,physical
amorp@sol,amorphous in solid,amorp@sol = glassy,physical
ash given col^0.8,ash with 80% col condition,ash given col^0.8 = modified ash,physical
ash given har^0.3,ash with 30% har condition,ash given har^0.3 = modified ash,physical
ash given har^0.7,ash with 70% har condition,ash given har^0.7 = modified ash,physical
ash given hot,hot ash,ash given hot = fresh combustion,physical
ash given hot^0.6,ash with 60% hot condition,ash given hot^0.6 = modified ash,physical
ash given ruf^0.4,ash with 40% ruf condition,ash given ruf^0.4 = modified ash,physical
ash given smo^0.7,ash with 70% smo condition,ash given smo^0.7 = modified ash,physical
ash given sof^0.5,ash with 50% sof condition,ash given sof^0.5 = modified ash,physical
ash*fir,ash-fire state,ash*fir = smoldering,physical
ash@col,cold ash,ash@col = cooled residue,physical
ash@fin,fine ash,ash@fin = powder consistency,physical
atom@mol,atomic in molecular,atom@mol = atomic structure,physical
bar^0.2,20% barrier strength,bar^0.2 = weak resistance,physical
bar^0.8,80% barrier strength,bar^0.8 = strong resistance,physical
beat@wav,beat in waves,beat@wav = interference pattern,physical
ben*str,bend-stretch state,ben*str = complex deformation,physical
ben@fle,bending flexible,ben@fle = deflection,physical
ben^0.4,slight bend,ben^0.4 = elastic deformation,physical
ben^0.8,sharp bend,ben^0.8 = plastic deformation,physical
big > sma,scale dominance,big > sma = macroscopic,physical
big given mov^0.5,big under moderate mov,big given mov^0.5 = big at medium mov,physical
big given pre^0.5,big under moderate pre,big given pre^0.5 = big at medium pre,physical
big given tem^0.5,big under moderate tem,big given tem^0.5 = big at medium tem,physical
big given tim^0.5,big under moderate tim,big given tim^0.5 = big at medium tim,physical
big without sma,scale without micro,big without sma = large-scale only,physical
big*pre,large-scale pressure,big*pre = weight pressure,physical
big*sma,size paradox,big*sma = multi-scale,physical
big*sma*den,multi-scale density,big*sma*den = hierarchical,physical
big@hot,large-scale heat,big@hot = thermal mass,physical
big@mov,large-scale motion,big@mov = momentum,physical
big^0.1,10% big,big^0.1 = 10% size,physical
big^0.15,15% big intensity,big^0.15 = 15% effect,physical
big^0.25,25% big intensity,big^0.25 = 25% effect,physical
big^0.3,30% big,big^0.3 = 30% size,physical
big^0.35,35% big intensity,big^0.35 = 35% effect,physical
big^0.45,45% big,big^0.45 = moderately large,physical
big^0.5,50% big,big^0.5 = 50% size,physical
big^0.55,55% big,big^0.55 = quite large,physical
big^0.65,65% big,big^0.65 = very large,physical
big^0.7,70% big,big^0.7 = 70% size,physical
big^0.75,75% big,big^0.75 = extremely large,physical
big^0.85,85% big,big^0.85 = massive,physical
big^0.9,90% big,big^0.9 = 90% size,physical
big^1.0*den^0.0,huge sparse material,big^1.0*den^0.0 = aerogel block,physical
boi@hot,high-temp boiling,boi@hot = superheated,physical
boi^0.3,gentle boiling,boi^0.3 = slow bubbles,physical
boi^0.9,vigorous boiling,boi^0.9 = rapid bubbling,physical
bre given pre,pressure-induced breaking,bre given pre = compression failure,physical
bre given pre*tim,fracture under pressure over time,bre given pre*tim = fatigue crack,physical
bre given tim,time-induced fracture,bre given tim = fatigue failure,physical
bre*cut,breaking-cutting,bre*cut = fracture pattern,physical
bre@bri,brittle fracture,bre@bri = clean sharp break,physical
bre^0.3,minor breaking,bre^0.3 = small fracture,physical
bre^0.9,catastrophic breaking,bre^0.9 = total failure,physical
break@pre,breaking pressure,break@pre = fracture threshold,physical
bri*dul,complex reflectivity,bri*dul = pearlescent,physical
bri*dul@tex,brightness-dullness texture,bri*dul@tex = mottled,physical
bri*fle,limited flexibility,bri*fle = quasi-plastic,physical
bri^0.2,20% bri,bri^0.2 = 20% effect,physical
bri^0.4,40% bri,bri^0.4 = 40% effect,physical
bri^0.6,60% bri,bri^0.6 = 60% effect,physical
bri^0.8,80% bri,bri^0.8 = 80% effect,physical
bri^0.9,extremely brittle,bri^0.9 = glass fracture,physical
cla given col^0.8,clay with 80% col condition,cla given col^0.8 = modified clay,physical
cla given har^0.3,clay with 30% har condition,cla given har^0.3 = modified clay,physical
cla given har^0.7,clay with 70% har condition,cla given har^0.7 = modified clay,physical
cla given hot^0.6,clay with 60% hot condition,cla given hot^0.6 = modified clay,physical
cla given hot^0.9,fired ceramic,cla given hot^0.9 = hard,physical
cla given ruf^0.4,clay with 40% ruf condition,cla given ruf^0.4 = modified clay,physical
cla given smo^0.7,clay with 70% smo condition,cla given smo^0.7 = modified clay,physical
cla given sof^0.5,clay with 50% sof condition,cla given sof^0.5 = modified clay,physical
cla*wet,plastic clay,cla*wet = moldable state,physical
cla@tex,textured clay,cla@tex = hand-modeled,physical
cle^0.8,clean cleavage,cle^0.8 = perfect fracture,physical
cle^0.9,crystal clear,cle^0.9 = pristine,physical
coa^0.7,significant coagulation,coa^0.7 = milk curdling,physical
coa^0.8,coarse texture,coa^0.8 = rough weave,physical
coat@gas,coat of gas,coat@gas = coat structure,physical
coat@liq,coat of liq,coat@liq = coat structure,physical
coat@sol,coat of sol,coat@sol = coat structure,physical
col given gas,cooled gas,col given gas = density increase,physical
col*fad,color fading,col*fad = discoloration,physical
col*liq,cold liquid contraction,col*liq = freezing process,physical
col*rad,cold-radiating,col*rad = thermal absorption,physical
col@air,cold air,col@air = density increase,physical
col@wat,cold water,col@wat = contraction,physical
col^0.05,5% cold,col^0.05 = slightly cool,physical
col^0.1,10% cold,col^0.1 = 10% cold,physical
col^0.15,15% col intensity,col^0.15 = 15% effect,physical
col^0.25,25% col intensity,col^0.25 = 25% effect,physical
col^0.3,30% cold,col^0.3 = 30% cold,physical
col^0.35,35% col intensity,col^0.35 = 35% effect,physical
col^0.45,45% cold,col^0.45 = very cold,physical
col^0.5,50% cold,col^0.5 = 50% cold,physical
col^0.55,55% cold,col^0.55 = extremely cold,physical
col^0.65,65% cold,col^0.65 = freezing,physical
col^0.7,70% cold,col^0.7 = 70% cold,physical
col^0.75,75% cold,col^0.75 = deep freeze,physical
col^0.85,85% cold,col^0.85 = near absolute zero,physical
col^0.9,90% cold,col^0.9 = 90% cold,physical
col^1.0*pre^0.0,extreme cold vacuum,col^1.0*pre^0.0 = deep space,physical
cold@bre,cold in bre,cold@bre = cold for bre,physical
cold@eva,cold in eva,cold@eva = cold for eva,physical
cold@mel,cold in mel,cold@mel = cold for mel,physical
cold@mix,cold in mix,cold@mix = cold for mix,physical
cold@mov,cold in mov,cold@mov = cold for mov,physical
con given col,cold-driven contraction,con given col = frost,physical
con*liq,condensation-liquification,con*liq = condensation,physical
con@gas,con property in gas,con@gas = con of gas,physical
con@liq,con property in liq,con@liq = con of liq,physical
con@met,con property in met,con@met = con of met,physical
con@par,condensed particles,con@par = Bose-Einstein,physical
con@pre,conduction at pressure,con@pre = pressure conduction,physical
con@sol,con property in sol,con@sol = con of sol,physical
con^0.3,early condensation,con^0.3 = first droplets,physical
con^0.7,significant contraction,con^0.7 = cooling shrink,physical
con^0.8,heavy condensation,con^0.8 = fog/dew,physical
conv@tem,convection at temperature,conv@tem = thermal convection,physical
cor given tem*hum,corrosion with temperature and humidity,cor given tem*hum = environmental,physical
cor given tim^0.7,gradual corrosion,cor given tim^0.7 = rust formation,physical
cor^0.7,advanced corrosion,cor^0.7 = deep rust,physical
cra*sca,cracked scaling,cra*sca = fracture/peeling,physical
cra@tex,cracked pattern,cra@tex = crazing network,physical
crit@tem,critical temperature,crit@tem = phase boundary,physical
cru*gri,crushing-grinding,cru*gri = mechanical breakdown,physical
cru*gri*pol,crushing-grinding-polishing,cru*gri*pol = refinement,physical
cru@bri,crushing brittle,cru@bri = fragmentation,physical
cru^0.4,light crushing,cru^0.4 = compaction,physical
cru^0.9,complete crushing,cru^0.9 = pulverization,physical
cry given tim^0.3,slow crystallization,cry given tim^0.3 = ice formation,physical
cry given tim^0.5,moderate crystallization,cry given tim^0.5 = salt growth,physical
cry@sol,crystalline in solid,cry@sol = crystal structure,physical
cry^0.7,crystallizing,cry^0.7 = forming crystals,physical
cry^0.8,rapid crystallization,cry^0.8 = salt precipitation,physical
cryst*amorp,crystalline to amorphous,cryst*amorp = vitrification,physical
cryst*mol,molecules crystallizing,cryst*mol = lattice formation,physical
cryst@sol,crystal in solid,cryst@sol = polycrystalline,physical
cut@har,cutting with har aspect,cut@har = cutting affecting har,physical
cut@smo,cutting with smo aspect,cut@smo = cutting affecting smo,physical
cut@sol,cutting solid,cut@sol = material division,physical
cut@tem,cutting with tem aspect,cut@tem = cutting affecting tem,physical
cut@vis,cutting with vis aspect,cut@vis = cutting affecting vis,physical
cut^0.3,shallow cut,cut^0.3 = surface scratch,physical
cut^0.9,deep cut,cut^0.9 = complete separation,physical
cyc@tim,cycle over time,cyc@tim = periodic cycle,physical
dec given fre^0.3,low-friction deceleration,dec given fre^0.3 = coasting,physical
dec^0.8,strong deceleration,dec^0.8 = braking,physical
def*cryst,crystal defects,def*cryst = imperfections,physical
den@big,density in bulk,den@big = bulk density,physical
den@crit,at critical density,den@crit = supercritical,physical
den@poi,dense porous paradox,den@poi = aerated structure,physical
den@sma,density at small scale,den@sma = point density,physical
den^0.2,20% den,den^0.2 = 20% effect,physical
den^0.4,40% den,den^0.4 = 40% effect,physical
den^0.6,60% den,den^0.6 = 60% effect,physical
den^0.8,80% den,den^0.8 = 80% effect,physical
dep given col,deposition in cold,dep given col = frost formation,physical
dep^0.6,moderate deposition,dep^0.6 = frost forming,physical
dif@tem,diffusion at temperature,dif@tem = thermal diffusion,physical
dnt*war,dented and warped,dnt*war = damaged metal,physical
dry given liq,evaporating liquid,dry given liq = drying,physical
dry given tim,time-dependent drying,dry given tim = desiccation,physical
dry^0.2,20% dry,dry^0.2 = 20% effect,physical
dry^0.4,40% dry,dry^0.4 = 40% effect,physical
dry^0.5,moderately dry,dry^0.5 = somewhat dry,physical
dry^0.6,60% dry,dry^0.6 = 60% effect,physical
dry^0.8,80% dry,dry^0.8 = 80% effect,physical
dry^0.9,completely dry,dry^0.9 = desiccated,physical
dul^0.9,extremely dull,dul^0.9 = non-reflective,physical
dus*flo,dust-wind flow,dus*flo = dust storm,physical
dus*gas,dust cloud,dus*gas = aerosol,physical
dus@fin,fine dust,dus@fin = suspended particles,physical
dus^0.3,light dust,dus^0.3 = barely visible,physical
dust*agglom*compac*solid,dust consolidation,dust*agglom*compac*solid = compaction,physical
ela^0.2,20% ela,ela^0.2 = 20% effect,physical
ela^0.4,40% ela,ela^0.4 = 40% effect,physical
ela^0.6,60% ela,ela^0.6 = 60% effect,physical
ela^0.8,80% ela,ela^0.8 = 80% effect,physical
ela^0.9,extremely elastic,ela^0.9 = spring mechanism,physical
emi@gas,emi property in gas,emi@gas = emi of gas,physical
emi@liq,emi property in liq,emi@liq = emi of liq,physical
emi@met,emi property in met,emi@met = emi of met,physical
emi@sol,emi property in sol,emi@sol = emi of sol,physical
emi^0.2,weak emission,emi^0.2 = faint luminescence,physical
emi^0.8,strong emission,emi^0.8 = incandescent glow,physical
energy@bre,energy in bre,energy@bre = energy for bre,physical
energy@eva,energy in eva,energy@eva = energy for eva,physical
energy@mel,energy in mel,energy@mel = energy for mel,physical
energy@mix,energy in mix,energy@mix = energy for mix,physical
energy@mov,energy in mov,energy@mov = energy for mov,physical
ero given tim^1.0,rapid erosion,ero given tim^1.0 = flash flood cut,physical
ero^0.3,slow erosion,ero^0.3 = geological timescale,physical
ero^0.8,rapid erosion,ero^0.8 = flood-driven,physical
eva given tim^0.8,rapid evaporation,eva given tim^0.8 = desert drying,physical
eva*gas,evaporation-gasification,eva*gas = vaporization,physical
eva@1.0,boiling point,eva@1.0 = 100°C transition,physical
eva^0.2,slight evaporation,eva^0.2 = water barely changing,physical
eva^0.9,rapid evaporation,eva^0.9 = boiling,physical
eva±con,evaporation-condensation,eva±con = vapor equilibrium,physical
eva±con given tim,evaporation equilibrium time,eva±con given tim = saturation,physical
exp given hot,heat-driven expansion,exp given hot = dilation,physical
exp^0.5,moderate expansion,exp^0.5 = thermal growth,physical
exp±con,thermal equilibrium,exp±con = expansion-contraction,physical
exp±con given tim,thermal cycling,exp±con given tim = expansion cycle,physical
fal*acc@gra,gravitational acceleration,fal*acc@gra = free fall,physical
fal@gra,gravitational fall,fal@gra = descent,physical
fal@gra^0.5,moderate gravity fall,fal@gra^0.5 = low-g environment,physical
fer^0.6,moderate fermentation,fer^0.6 = decomposition,physical
fiber@mat,fiber in material,fiber@mat = fibrous,physical
film@gas,film of gas,film@gas = film structure,physical
film@liq,film of liq,film@liq = film structure,physical
film@sol,film of sol,film@sol = film structure,physical
fin^0.9,fine texture,fin^0.9 = smooth weave,physical
fir given hot^1.0,maximum fire intensity,fir given hot^1.0 = inferno,physical
fir given oxy^0.8,limited oxygen burning,fir given oxy^0.8 = slow burn,physical
fir*gas,combustion/flame,fir*gas = burning state,physical
fir*gas@hot,intense flame,fir*gas@hot = torch fire,physical
fir@hot,hot fire state,fir@hot = intense burning,physical
fle given hot given tim,heat-time relaxation,fle given hot given tim = stress relief,physical
fle^0.2,20% fle,fle^0.2 = 20% effect,physical
fle^0.4,40% fle,fle^0.4 = 40% effect,physical
fle^0.6,60% fle,fle^0.6 = 60% effect,physical
fle^0.8,80% fle,fle^0.8 = 80% effect,physical
fle^0.9,extremely flexible,fle^0.9 = rubber-like,physical
flo given pre,pressure-driven flow,flo given pre = fountain,physical
flo*pre,flow-pressure coupling,flo*pre = driven flow,physical
flo*tur,turbulent flow,flo*tur = chaotic motion,physical
flo@down,flo in down direction,flo@down = directed flo,physical
flo@in,flo in in direction,flo@in = directed flo,physical
flo@tim,flow over time,flo@tim = flow rate,physical
flo@up,flo in up direction,flo@up = directed flo,physical
flo^0.2,barely flowing,flo^0.2 = viscous ooze,physical
flo^0.8,rapid flowing,flo^0.8 = river current,physical
flu without sti,flu absence of sti,flu without sti = pure flu,physical
flu without vis,invisible flow,flu without vis = gas flow,physical
flu@vis,invisible fluid,flu@vis = superfluid,physical
flu^0.1,barely fluid,flu^0.1 = honey-like,physical
flu^0.2,20% flu,flu^0.2 = 20% effect,physical
flu^0.4,40% flu,flu^0.4 = 40% effect,physical
flu^0.5,moderately fluid,flu^0.5 = oil-like,physical
flu^0.6,60% flu,flu^0.6 = 60% effect,physical
flu^0.8,80% flu,flu^0.8 = 80% effect,physical
flu^0.9,extremely fluid,flu^0.9 = water-like,physical
flu±sti,fluidity-stickiness,flu±sti = viscosity balance,physical
fog given col,cold fog,fog given col = condensation,physical
fog*col,cold fog formation,fog*col = frost-producing,physical
fog@vis,visible fog,fog@vis = suspended droplets,physical
fog^0.5,moderate fog,fog^0.5 = haze condition,physical
force@bre,force in bre,force@bre = force for bre,physical
force@eva,force in eva,force@eva = force for eva,physical
force@mel,force in mel,force@mel = force for mel,physical
force@mix,force in mix,force@mix = force for mix,physical
force@mov,force in mov,force@mov = force for mov,physical
fre given mov,friction from motion,fre given mov = resistance,physical
fre*sti,adhesive friction,fre*sti = sticky resistance,physical
fre^0.1,low friction,fre^0.1 = ice contact,physical
fre^0.3,early freezing,fre^0.3 = water crystallizing,physical
fre^0.8,advanced freezing,fre^0.8 = nearly solid,physical
fre^0.9,high friction,fre^0.9 = rough sliding,physical
fus*sol,fusion-solidification,fus*sol = welding process,physical
fus^0.6,moderate fusion,fus^0.6 = partial melting,physical
gas given pre,pressure-compressed gas,gas given pre = dense,physical
gas given pre^0.9,compressed gas,gas given pre^0.9 = high-pressure,physical
gas given rot,rotating gas,gas given rot = vortex,physical
gas given sma,pressurized gas pocket,gas given sma = bubble,physical
gas without sol,pure gas,gas without sol = monatomic,physical
gas*con*liq*fre*sol,complete condensation,gas*con*liq*fre*sol = full cycle,physical
gas*cond*cryst*solid,crystal formation,gas*cond*cryst*solid = solidification,physical
gas*ion,gas-ionized,gas*ion = plasma formation,physical
gas*tur,turbulent gas,gas*tur = turbulence,physical
gas@col,col aspect of gas,gas@col = col in gas,physical
gas@dry,dry aspect of gas,gas@dry = dry in gas,physical
gas@har,har aspect of gas,gas@har = har in gas,physical
gas@hot,hot aspect of gas,gas@hot = hot in gas,physical
gas@pre^0.2,gas with 20% pre,gas@pre^0.2 = 20% affected gas,physical
gas@pre^0.4,gas with 40% pre,gas@pre^0.4 = 40% affected gas,physical
gas@pre^0.6,gas with 60% pre,gas@pre^0.6 = 60% affected gas,physical
gas@pre^0.8,gas with 80% pre,gas@pre^0.8 = 80% affected gas,physical
gas@ruf,ruf aspect of gas,gas@ruf = ruf in gas,physical
gas@smo,smo aspect of gas,gas@smo = smo in gas,physical
gas@sof,sof aspect of gas,gas@sof = sof in gas,physical
gas@vis,visible gas state,gas@vis = fog/steam,physical
gas@wet,wet aspect of gas,gas@wet = wet in gas,physical
gas^0.1,10% gas state,gas^0.1 = trace gas,physical
gas^0.2,20% gas state,gas^0.2 = light gas,physical
gas^0.3,30% gas state,gas^0.3 = partial gas,physical
gas^0.4,40% gas state,gas^0.4 = moderate gas,physical
gas^0.5,partial gas,gas^0.5 = vapor state,physical
gas^0.6,60% gas state,gas^0.6 = mostly gas,physical
gas^0.7,70% gas state,gas^0.7 = very gaseous,physical
gas^0.8,80% gas state,gas^0.8 = nearly pure gas,physical
gas^1.2,plasma state,gas^1.2 = ionized gas,physical
geo given pre^0.9,deep geological pressure,geo given pre^0.9 = metamorphic,physical
geo*big,geological-scale size,geo*big = continental,physical
gla given col^0.8,glass with 80% col condition,gla given col^0.8 = modified glass,physical
gla given har^0.3,glass with 30% har condition,gla given har^0.3 = modified glass,physical
gla given har^0.7,glass with 70% har condition,gla given har^0.7 = modified glass,physical
gla given hot,softened glass,gla given hot = moldable,physical
gla given hot^0.6,glass with 60% hot condition,gla given hot^0.6 = modified glass,physical
gla given ruf^0.4,glass with 40% ruf condition,gla given ruf^0.4 = modified glass,physical
gla given smo^0.7,glass with 70% smo condition,gla given smo^0.7 = modified glass,physical
gla given sof^0.5,glass with 50% sof condition,gla given sof^0.5 = modified glass,physical
gla without bri,frosted glass,gla without bri = non-reflective,physical
gla*bri,shiny glass,gla*bri = polished reflective,physical
gla@bri^0.2,gla with 20% bri,gla@bri^0.2 = 20% affected gla,physical
gla@bri^0.4,gla with 40% bri,gla@bri^0.4 = 40% affected gla,physical
gla@bri^0.6,gla with 60% bri,gla@bri^0.6 = 60% affected gla,physical
gla@bri^0.8,gla with 80% bri,gla@bri^0.8 = 80% affected gla,physical
gla@sol,glass in solid,gla@sol = glass composite,physical
gla@vis,transparent solid,gla@vis = vitreous,physical
gra^0.5,reduced gravity,gra^0.5 = lunar gravity,physical
gra^0.8,coarse grain,gra^0.8 = wood grain visible,physical
gra^1.0,standard gravity,gra^1.0 = earth gravity,physical
grain*cryst,crystalline graining,grain*cryst = grain boundary,physical
grain@par,grain in particle,grain@par = granular,physical
gri@har,grinding hard,gri@har = particle formation,physical
gri^0.5,moderate grinding,gri^0.5 = particle reduction,physical
gri^0.9,fine grinding,gri^0.9 = powder production,physical
gum^0.2,20% gum,gum^0.2 = 20% effect,physical
gum^0.4,40% gum,gum^0.4 = 40% effect,physical
gum^0.6,60% gum,gum^0.6 = 60% effect,physical
gum^0.8,very gummy,gum^0.8 = sticky tar,physical
har > sof,hardness dominance,har > sof = rigid structure,physical
har given hot given pre,heat-pressure hardening,har given hot given pre = temper effect,physical
har given mov^0.5,har under moderate mov,har given mov^0.5 = har at medium mov,physical
har given pre^0.5,har under moderate pre,har given pre^0.5 = har at medium pre,physical
har given tem^0.5,har under moderate tem,har given tem^0.5 = har at medium tem,physical
har given tim^0.5,har under moderate tim,har given tim^0.5 = har at medium tim,physical
har without bri,hard but dull,har without bri = matte hardness,physical
har without sof,pure hardness,har without sof = rigid,physical
har*bri,hard-bright combination,har*bri = gemstone-like,physical
har*dur*str,hardness-durability-strength,har*dur*str = robust material,physical
har*sof,hard-soft duality,har*sof = structure with compliance,physical
har*sof*fle,hard-soft-flexible chain,har*sof*fle = adaptive material,physical
har@gas,har aspect of gas,har@gas = har in gas,physical
har@liq,har aspect of liq,har@liq = har in liq,physical
har@met,metal hardness,har@met = yield strength,physical
har@sol,har aspect of sol,har@sol = har in sol,physical
har@sto,stone hardness,har@sto = Mohs scale,physical
har@woo,har aspect of woo,har@woo = har in woo,physical
har^0.1,10% hardness,har^0.1 = 10% hard,physical
har^0.15,15% har intensity,har^0.15 = 15% effect,physical
har^0.25,25% har intensity,har^0.25 = 25% effect,physical
har^0.3,30% hardness,har^0.3 = 30% hard,physical
har^0.35,35% har intensity,har^0.35 = 35% effect,physical
har^0.45,45% hard,har^0.45 = moderately hard,physical
har^0.5,50% hardness,har^0.5 = 50% hard,physical
har^0.55,55% hard,har^0.55 = quite hard,physical
har^0.65,65% hard,har^0.65 = very hard,physical
har^0.7,70% hardness,har^0.7 = 70% hard,physical
har^0.75,75% hard,har^0.75 = extremely hard,physical
har^0.85,85% hard,har^0.85 = nearly unbreakable,physical
har^0.9,90% hardness,har^0.9 = 90% hard,physical
harm@osc,harmonic oscillation,harm@osc = harmonic motion,physical
har±sof,hardness-softness symmetry,har±sof = elastic limit,physical
hea without lig,hea absence of lig,hea without lig = pure hea,physical
hea@sma,dense small object,hea@sma = tungsten pellet,physical
hea^0.1,10% heavy,hea^0.1 = 10% weight,physical
hea^0.3,30% heavy,hea^0.3 = 30% weight,physical
hea^0.5,50% heavy,hea^0.5 = 50% weight,physical
hea^0.7,70% heavy,hea^0.7 = 70% weight,physical
hea^0.9,90% heavy,hea^0.9 = 90% weight,physical
heat@bre,heat in bre,heat@bre = heat for bre,physical
heat@eva,heat in eva,heat@eva = heat for eva,physical
heat@mel,heat in mel,heat@mel = heat for mel,physical
heat@mix,heat in mix,heat@mix = heat for mix,physical
heat@mov,heat in mov,heat@mov = heat for mov,physical
hot > col,more hot than cold,hot > col = superheated state,physical
hot given sol,heated solid,hot given sol = thermal expansion,physical
hot without col,hot absence of col,hot without col = pure hot,physical
hot without mov,hot but still,hot without mov = stagnant heat,physical
hot*col,thermal gradient,hot*col = temperature shock,physical
hot*col*pre,thermal-pressure extreme,hot*col*pre = geothermal,physical
hot*col@sto,thermal shock in stone,hot*col@sto = cracking,physical
hot*gas,thermal gas expansion,hot*gas = convection current,physical
hot*rad,hot-radiating,hot*rad = thermal emission,physical
hot@gas,hot gas,hot@gas = buoyancy,physical
hot@liq,hot aspect of liq,hot@liq = hot in liq,physical
hot@met,heated metal,hot@met = thermal expansion,physical
hot@sol,hot aspect of sol,hot@sol = hot in sol,physical
hot@woo,hot aspect of woo,hot@woo = hot in woo,physical
hot^0.0 ... hot^1.0,cold to hot spectrum,hot^0.0 ... hot^1.0 = temperature range,physical
hot^0.05,5% hot,hot^0.05 = barely warm,physical
hot^0.1,10% hot,hot^0.1 = 10% temperature,physical
hot^0.15,15% hot intensity,hot^0.15 = 15% effect,physical
hot^0.25,25% hot intensity,hot^0.25 = 25% effect,physical
hot^0.3,30% hot,hot^0.3 = 30% temperature,physical
hot^0.35,35% hot intensity,hot^0.35 = 35% effect,physical
hot^0.45,45% hot,hot^0.45 = hot,physical
hot^0.5,50% hot,hot^0.5 = 50% temperature,physical
hot^0.55,55% hot,hot^0.55 = quite hot,physical
hot^0.65,65% hot,hot^0.65 = very hot,physical
hot^0.7,70% hot,hot^0.7 = 70% temperature,physical
hot^0.75,75% hot,hot^0.75 = extremely hot,physical
hot^0.85,85% hot,hot^0.85 = scorching,physical
hot^0.9,90% hot,hot^0.9 = 90% temperature,physical
hot^0.95,95% hot,hot^0.95 = molten,physical
hot^1.0*pre^1.0,maximum heat and pressure,hot^1.0*pre^1.0 = stellar core,physical
hot±cold,heat-cold symmetry,hot±cold = thermal neutral,physical
hum*tem,humidity-temperature,hum*tem = comfort index,physical
ice given col^0.8,ice with 80% col condition,ice given col^0.8 = modified ice,physical
ice given har^0.3,ice with 30% har condition,ice given har^0.3 = modified ice,physical
ice given har^0.7,ice with 70% har condition,ice given har^0.7 = modified ice,physical
ice given hot^0.3,partially melted ice,ice given hot^0.3 = slushy,physical
ice given hot^0.5,melting ice,ice given hot^0.5 = slush,physical
ice given hot^0.6,ice with 60% hot condition,ice given hot^0.6 = modified ice,physical
ice given ruf^0.4,ice with 40% ruf condition,ice given ruf^0.4 = modified ice,physical
ice given smo^0.7,ice with 70% smo condition,ice given smo^0.7 = modified ice,physical
ice given sof^0.5,ice with 50% sof condition,ice given sof^0.5 = modified ice,physical
ice*flo,floating ice,ice*flo = iceberg state,physical
ice*fro,ice-frost state,ice*fro = crystalline coating,physical
ice@col,cold ice,ice@col = frozen crystalline,physical
ice@melt^0.2,ice with 20% melt,ice@melt^0.2 = 20% affected ice,physical
ice@melt^0.4,ice with 40% melt,ice@melt^0.4 = 40% affected ice,physical
ice@melt^0.6,ice with 60% melt,ice@melt^0.6 = 60% affected ice,physical
ice@melt^0.8,ice with 80% melt,ice@melt^0.8 = 80% affected ice,physical
ice@tra,transparent ice,ice@tra = clear frozen,physical
joi given hot,thermal joining,joi given hot = welding,physical
joi@har,joining with har aspect,joi@har = joining affecting har,physical
joi@smo,joining with smo aspect,joi@smo = joining affecting smo,physical
joi@tem,joining with tem aspect,joi@tem = joining affecting tem,physical
joi@vis,joining with vis aspect,joi@vis = joining affecting vis,physical
joi^0.4,weak joining,joi^0.4 = temporary bond,physical
joi^0.9,strong joining,joi^0.9 = permanent bond,physical
lav given col,cooling lava,lav given col = solidifying,physical
lav*flo,flowing lava,lav*flo = active eruption,physical
lav@hot,hot lava,lav@hot = molten rock,physical
layer@gas,layer of gas,layer@gas = layer structure,physical
layer@liq,layer of liq,layer@liq = layer structure,physical
layer@sol,layer of sol,layer@sol = layer structure,physical
layer@tex,layered texture,layer@tex = laminar structure,physical
lig@big,light large object,lig@big = giant balloon,physical
lig^0.1,10% light,lig^0.1 = 10% light,physical
lig^0.3,30% light,lig^0.3 = 30% light,physical
lig^0.5,50% light,lig^0.5 = 50% light,physical
lig^0.7,70% light,lig^0.7 = 70% light,physical
lig^0.9,90% light,lig^0.9 = 90% light,physical
liq given col,cold-thickened liquid,liq given col = viscous,physical
liq given col given pre,cold pressurized liquid,liq given col given pre = cryogenic,physical
liq given col^0.8 given pre^0.9 given mov^0.3,cold-pressure-viscous flow,liq given col^0.8 given pre^0.9 given mov^0.3 = glacial,physical
liq given hot,heat-expanded liquid,liq given hot = volatile,physical
liq given mov^0.5,liq under moderate mov,liq given mov^0.5 = liq at medium mov,physical
liq given osc,oscillating liquid,liq given osc = sloshing,physical
liq given pre^0.5,liq under moderate pre,liq given pre^0.5 = liq at medium pre,physical
liq given pre^0.8,compressed liquid,liq given pre^0.8 = hydraulic,physical
liq given pre^0.9,highly compressed liquid,liq given pre^0.9 = hydraulic,physical
liq given tem^0.5,liq under moderate tem,liq given tem^0.5 = liq at medium tem,physical
liq given tim^0.5,liq under moderate tim,liq given tim^0.5 = liq at medium tim,physical
liq without flu,viscous liquid,liq without flu = honey-like,physical
liq without gas,liq absence of gas,liq without gas = pure liq,physical
liq without sol,pure liquid,liq without sol = homogeneous,physical
liq*col,liquid-colloidal,liq*col = dispersion,physical
liq*eva*gas,liquid to gas evolution,liq*eva*gas = vaporization,physical
liq*gas,vapor/mist/foam,liq*gas = water mist or foam,physical
liq*gas@flo,flowing mist,liq*gas@flo = steam flowing,physical
liq*gas@ruf,rough foam,liq*gas@ruf = coarse bubbles,physical
liq*gas@surf,liquid-gas boundary,liq*gas@surf = surface tension,physical
liq*sur,liquid-surface,liq*sur = surface phenomena,physical
liq*vis,liquid visibility,liq*vis = transparent liquid,physical
liq@col,col aspect of liq,liq@col = col in liq,physical
liq@dry,dry aspect of liq,liq@dry = dry in liq,physical
liq@flu^0.2,liq with 20% flu,liq@flu^0.2 = 20% affected liq,physical
liq@flu^0.4,liq with 40% flu,liq@flu^0.4 = 40% affected liq,physical
liq@flu^0.6,liq with 60% flu,liq@flu^0.6 = 60% affected liq,physical
liq@flu^0.8,liq with 80% flu,liq@flu^0.8 = 80% affected liq,physical
liq@har,har aspect of liq,liq@har = har in liq,physical
liq@hot,hot aspect of liq,liq@hot = hot in liq,physical
liq@ruf,ruf aspect of liq,liq@ruf = ruf in liq,physical
liq@smo,smo aspect of liq,liq@smo = smo in liq,physical
liq@sof,sof aspect of liq,liq@sof = sof in liq,physical
liq@vis,vis aspect of liq,liq@vis = vis in liq,physical
liq@wet,wet aspect of liq,liq@wet = wet in liq,physical
liq^0.15,15% liquid state,liq^0.15 = barely liquid,physical
liq^0.2,nearly solid liquid,liq^0.2 = honey-like,physical
liq^0.25,25% liquid state,liq^0.25 = lightly liquid,physical
liq^0.35,35% liquid state,liq^0.35 = somewhat liquid,physical
liq^0.45,45% liquid state,liq^0.45 = mostly liquid,physical
liq^0.5,normal liquid,liq^0.5 = water-like,physical
liq^0.55,55% liquid state,liq^0.55 = clearly liquid,physical
liq^0.65,65% liquid state,liq^0.65 = very liquid,physical
liq^0.75,75% liquid state,liq^0.75 = quite liquid,physical
liq^0.8,thin liquid,liq^0.8 = oil-like,physical
liq^0.85,85% liquid state,liq^0.85 = nearly gaseous,physical
liq±gas,evaporation/condensation,liq±gas = phase equilibrium,physical
liq±gas@pre,liquid-gas equilibrium at pressure,liq±gas@pre = boiling point,physical
mag@met,magnetic metal,mag@met = iron magnetism,physical
mag^0.3,weak magnetic,mag^0.3 = slight attraction,physical
mag^0.7,strong magnetic,mag^0.7 = permanent magnet,physical
mak given hot,heat-shaped forming,mak given hot = thermal forming,physical
mak^0.3,partial forming,mak^0.3 = incomplete,physical
mak^0.9,complete forming,mak^0.9 = finished product,physical
mas^0.2,20% mass,mas^0.2 = light,physical
mas^0.8,80% mass,mas^0.8 = heavy,physical
mat^0.2,20% mat,mat^0.2 = 20% effect,physical
mat^0.4,40% mat,mat^0.4 = 40% effect,physical
mat^0.6,60% mat,mat^0.6 = 60% effect,physical
mat^0.8,80% mat,mat^0.8 = 80% effect,physical
mat^0.9,completely matte,mat^0.9 = non-reflective,physical
max@pre,maximum pressure,max@pre = collapse point,physical
mel given hot,heat-induced melting,mel given hot = thermal fusion,physical
mel given tem^0.8,temp-dependent melting,mel given tem^0.8 = high-temp fusion,physical
mel given tim^0.3,slow melting,mel given tim^0.3 = seasonal thaw,physical
mel*eva,melting-evaporation,mel*eva = phase cascade,physical
mel*sol,melting-solidifying,mel*sol = phase transition,physical
mel@0.0,freezing point,mel@0.0 = 0°C transition,physical
mel@met,melted metal,mel@met = liquid metal,physical
mel^0.3,early melting,mel^0.3 = ice with water,physical
mel^0.7,advanced melting,mel^0.7 = mostly liquid,physical
mel±sol,melt-freeze equilibrium,mel±sol = phase boundary,physical
mel±sol given tim,phase transition rate,mel±sol given tim = melting curve,physical
met given col^0.8,metal with 80% col condition,met given col^0.8 = modified metal,physical
met given har^0.3,metal with 30% har condition,met given har^0.3 = modified metal,physical
met given har^0.7,metal with 70% har condition,met given har^0.7 = modified metal,physical
met given hot^0.6,metal with 60% hot condition,met given hot^0.6 = modified metal,physical
met given hot^0.7,hot metal,met given hot^0.7 = red-hot,physical
met given ruf^0.4,metal with 40% ruf condition,met given ruf^0.4 = modified metal,physical
met given smo^0.7,metal with 70% smo condition,met given smo^0.7 = modified metal,physical
met given sof^0.5,metal with 50% sof condition,met given sof^0.5 = modified metal,physical
met without rus,pure untarnished metal,met without rus = polished,physical
met without shi,dull metal,met without shi = oxidized,physical
met*con,conductive metal,met*con = electricity path,physical
met*cor,corrosible metal,met*cor = reactive metal,physical
met*har,hard metal,met*har = steel strength,physical
met*liq@fus,metal-liquid fusion,met*liq@fus = welding heat,physical
met*oxid*rust*pow,metal oxidation cascade,met*oxid*rust*pow = rust powder,physical
met*rus,oxidizing metal,met*rus = rusting iron,physical
met@col,col aspect of met,met@col = col in met,physical
met@cor^0.2,met with 20% cor,met@cor^0.2 = 20% affected met,physical
met@cor^0.4,met with 40% cor,met@cor^0.4 = 40% affected met,physical
met@cor^0.6,met with 60% cor,met@cor^0.6 = 60% affected met,physical
met@cor^0.8,met with 80% cor,met@cor^0.8 = 80% affected met,physical
met@dry,dry aspect of met,met@dry = dry in met,physical
met@har,hard metal property,met@har = steel hardness,physical
met@hot,hot aspect of met,met@hot = hot in met,physical
met@ruf,ruf aspect of met,met@ruf = ruf in met,physical
met@smo,smo aspect of met,met@smo = smo in met,physical
met@sof,sof aspect of met,met@sof = sof in met,physical
met@vis,vis aspect of met,met@vis = vis in met,physical
met@wet,wet aspect of met,met@wet = wet in met,physical
met@woo,metal in wood composite,met@woo = reinforced wood,physical
met^0.5,semi-metallic,met^0.5 = poor conductor,physical
mid@big*sma,three-scale system,mid@big*sma = composite material,physical
mid@har,medium-scale hardness,mid@har = structural,physical
mid@pre,medium-scale pressure,mid@pre = ordinary force,physical
mid@tex,medium-scale texture,mid@tex = visible pattern,physical
min@tem,minimum temperature,min@tem = absolute zero,physical
mix given hot,thermal mixing,mix given hot = dissolution,physical
mix*sep,mixing-separation,mix*sep = demixing process,physical
mix@har,mixing with har aspect,mix@har = mixing affecting har,physical
mix@smo,mixing with smo aspect,mix@smo = mixing affecting smo,physical
mix@tem,mixing with tem aspect,mix@tem = mixing affecting tem,physical
mix@vis,mixing with vis aspect,mix@vis = mixing affecting vis,physical
mix^0.3,partial mixing,mix^0.3 = layered blend,physical
mix^0.8,thorough mixing,mix^0.8 = homogeneous,physical
mol*atom,atoms organizing,mol*atom = molecular assembly,physical
mol@cryst,molecular in crystal,mol@cryst = crystalline lattice,physical
mov given fre,movement with friction,mov given fre = sliding,physical
mov given fre^0.1,nearly frictionless motion,mov given fre^0.1 = ice slide,physical
mov given fre^0.9,high-friction motion,mov given fre^0.9 = heavily resisted,physical
mov*acc,movement-acceleration,mov*acc = accelerating motion,physical
mov@down,mov in down direction,mov@down = directed mov,physical
mov@in,mov in in direction,mov@in = directed mov,physical
mov@up,mov in up direction,mov@up = directed mov,physical
mov^0.1 given tim,very slow over time,mov^0.1 given tim = geological drift,physical
mov^0.3,slow movement,mov^0.3 = glacial motion,physical
mov^0.7,fast movement,mov^0.7 = rapid motion,physical
mov^0.9 given tim,very fast over time,mov^0.9 given tim = explosive,physical
mud given dry^0.8,drying mud,mud given dry^0.8 = hardening,physical
mud*sand,mud-sand mixture,mud*sand = silt formation,physical
mud*sol,soupy mud,mud*sol = liquid-solid mix,physical
mud*sti,sticky mud,mud*sti = adhesive,physical
mud*wat,water-mud mixture,mud*wat = sludge,physical
mud@sti^0.2,mud with 20% sti,mud@sti^0.2 = 20% affected mud,physical
mud@sti^0.4,mud with 40% sti,mud@sti^0.4 = 40% affected mud,physical
mud@sti^0.6,mud with 60% sti,mud@sti^0.6 = 60% affected mud,physical
mud@sti^0.8,mud with 80% sti,mud@sti^0.8 = 80% affected mud,physical
neu*col*pre,neutron degeneracy,neu*col*pre = neutron star,physical
oil given col^0.2,stiffened oil,oil given col^0.2 = cold-thickened,physical
oil without sol,pure oil,oil without sol = unmixed,physical
oil*flu,flowing oil,oil*flu = viscous liquid,physical
opa^0.2,20% opa,opa^0.2 = 20% effect,physical
opa^0.4,40% opa,opa^0.4 = 40% effect,physical
opa^0.6,60% opa,opa^0.6 = 60% effect,physical
opa^0.8,80% opa,opa^0.8 = 80% effect,physical
opa^0.9,completely opaque,opa^0.9 = black,physical
ordered*disor,ordered to disordered,ordered*disor = entropy increase,physical
osc given tim,time-periodic oscillation,osc given tim = wave frequency,physical
osc@down,osc in down direction,osc@down = directed osc,physical
osc@in,osc in in direction,osc@in = directed osc,physical
osc@up,osc in up direction,osc@up = directed osc,physical
osc^0.3,slow oscillation,osc^0.3 = pendulum,physical
osc^0.8,rapid oscillation,osc^0.8 = high-frequency,physical
par@wav,particle-wave duality,par@wav = quantum state,physical
per^0.2,20% per,per^0.2 = 20% effect,physical
per^0.4,40% per,per^0.4 = 40% effect,physical
per^0.6,60% per,per^0.6 = 60% effect,physical
per^0.8,80% per,per^0.8 = 80% effect,physical
phas@cyc,phase in cycle,phas@cyc = cycle stage,physical
pit^0.6,moderately pitted,pit^0.6 = orange-peel,physical
pla given mag,magnetized plasma,pla given mag = magnetic confinement,physical
poi without den,completely porous,poi without den = aerogel,physical
poi^0.2,20% poi,poi^0.2 = 20% effect,physical
poi^0.4,40% poi,poi^0.4 = 40% effect,physical
poi^0.6,60% poi,poi^0.6 = 60% effect,physical
poi^0.8,80% poi,poi^0.8 = 80% effect,physical
pol*cor*rus*ero,surface degradation,pol*cor*rus*ero = corrosion cascade,physical
pol@cor,polished corrosion,pol@cor = tarnished bright,physical
pol@ruf,polished rough surface,pol@ruf = textured finish,physical
pol^0.5,partial polymorph,pol^0.5 = mixed phases,physical
poly*mono,polymorph to monomorph,poly*mono = phase conversion,physical
poly@met,polymorph in metal,poly@met = phase variant,physical
por@big,porosity in large scale,por@big = macroporous,physical
por@sma,porosity in small scale,por@sma = microporous,physical
pore@por,pore in porous,pore@por = porosity,physical
power@bre,power in bre,power@bre = power for bre,physical
power@eva,power in eva,power@eva = power for eva,physical
power@mel,power in mel,power@mel = power for mel,physical
power@mix,power in mix,power@mix = power for mix,physical
power@mov,power in mov,power@mov = power for mov,physical
pre given gas,pressurized gas,pre given gas = compression,physical
pre*tem,pressure-temperature coupling,pre*tem = PVT state,physical
pre@crit,at critical pressure,pre@crit = supercritical,physical
pre@sol,solid pressure,pre@sol = compression,physical
pre^0.3,light pressure,pre^0.3 = gentle touch,physical
pre^0.9,extreme pressure,pre^0.9 = crushing,physical
pre^1.0*tem^1.0,ultra-high pressure temperature,pre^1.0*tem^1.0 = Earth core,physical
pul@ela,pulling elastic,pul@ela = extension,physical
pul^0.5,moderate pull,pul^0.5 = steady extraction,physical
pul^0.9,strong pull,pul^0.9 = tearing force,physical
pus*pul,tension-compression,pus*pul = opposing forces,physical
pus@sof,pushing soft material,pus@sof = indentation,physical
pus^0.4,light push,pus^0.4 = gentle pressure,physical
pus^0.9,hard push,pus^0.9 = forceful drive,physical
rad@gas,rad property in gas,rad@gas = rad of gas,physical
rad@hot,radiation from heat,rad@hot = thermal radiation,physical
rad@liq,rad property in liq,rad@liq = rad of liq,physical
rad@met,rad property in met,rad@met = rad of met,physical
rad@sol,rad property in sol,rad@sol = rad of sol,physical
ref@gas,ref property in gas,ref@gas = ref of gas,physical
ref@liq,ref property in liq,ref@liq = ref of liq,physical
ref@met,ref property in met,ref@met = ref of met,physical
ref@sol,ref property in sol,ref@sol = ref of sol,physical
ref@vis,optical reflection,ref@vis = light bouncing,physical
ref^0.5,partial reflection,ref^0.5 = semi-reflective,physical
ref^0.8,high reflectance,ref^0.8 = mirror-like,physical
rig^0.9,extremely rigid,rig^0.9 = steel beam,physical
ris@gra,rising against gravity,ris@gra = buoyant,physical
ris@gra^1.0,fighting standard gravity,ris@gra^1.0 = maximum buoyancy,physical
rock*ero,eroding rock,rock*ero = weathered surface,physical
rol^0.4,slow rolling,rol^0.4 = leisurely motion,physical
rol^0.9,rapid rolling,rol^0.9 = high-speed rotation,physical
rot*osc,rotation-oscillation,rot*osc = wobbling spin,physical
rot^0.5,slow rotation,rot^0.5 = planet-like,physical
rot^0.9,fast rotation,rot^0.9 = high-speed,physical
rub given hot,softened rubber,rub given hot = heat-softened,physical
rub*ela,elastic rubber,rub*ela = springy,physical
rub@smo,smooth rubber,rub@smo = polished finish,physical
ruf without smo,ruf absence of smo,ruf without smo = pure ruf,physical
ruf*dur*def,rough-durable-defects,ruf*dur*def = weathered strength,physical
ruf*smo,textured smoothness,ruf*smo = orange peel surface,physical
ruf*smo*pol,surface finish progression,ruf*smo*pol = polishing process,physical
ruf@gas,ruf aspect of gas,ruf@gas = ruf in gas,physical
ruf@liq,ruf aspect of liq,ruf@liq = ruf in liq,physical
ruf@met,ruf aspect of met,ruf@met = ruf in met,physical
ruf@sol,ruf aspect of sol,ruf@sol = ruf in sol,physical
ruf@sto,rough stone,ruf@sto = friction,physical
ruf@woo,ruf aspect of woo,ruf@woo = ruf in woo,physical
ruf^0.1,10% rough,ruf^0.1 = 10% rough,physical
ruf^0.15,15% rough,ruf^0.15 = slightly rough,physical
ruf^0.25,25% rough,ruf^0.25 = fairly rough,physical
ruf^0.3,30% rough,ruf^0.3 = 30% rough,physical
ruf^0.35,35% rough,ruf^0.35 = noticeably rough,physical
ruf^0.45,45% rough,ruf^0.45 = moderately rough,physical
ruf^0.5,50% rough,ruf^0.5 = 50% rough,physical
ruf^0.55,55% rough,ruf^0.55 = quite rough,physical
ruf^0.65,65% rough,ruf^0.65 = very rough,physical
ruf^0.7,70% rough,ruf^0.7 = 70% rough,physical
ruf^0.75,75% rough,ruf^0.75 = extremely rough,physical
ruf^0.85,85% rough,ruf^0.85 = severely textured,physical
ruf^0.9,90% rough,ruf^0.9 = 90% rough,physical
rus^0.9,heavy rust,rus^0.9 = oxide coating,physical
sal*wat,dissolved salt,sal*wat = solution,physical
sal@cry,crystalline salt,sal@cry = geometric,physical
sal@fin,fine salt,sal@fin = powder salt,physical
san given wet,damp sand,san given wet = moldable,physical
san*mud,sandy mud,san*mud = mixed soil,physical
san@fin,fine sand,san@fin = powder-like,physical
san^0.7,sandy texture,san^0.7 = sandpaper-like,physical
sca^0.7,heavily scaled,sca^0.7 = fish-scale,physical
scr@pol,scratched polished,scr@pol = polish with scratches,physical
sep@har,separation with har aspect,sep@har = separation affecting har,physical
sep@liq,liquid separation,sep@liq = phase separation,physical
sep@smo,separation with smo aspect,sep@smo = separation affecting smo,physical
sep@tem,separation with tem aspect,sep@tem = separation affecting tem,physical
sep@vis,separation with vis aspect,sep@vis = separation affecting vis,physical
sep^0.3,partial separation,sep^0.3 = incomplete,physical
sep^0.9,complete separation,sep^0.9 = total division,physical
sha^0.4,gentle shaking,sha^0.4 = light tremor,physical
sha^0.9,violent shaking,sha^0.9 = earthquake intensity,physical
shell@gas,shell of gas,shell@gas = shell structure,physical
shell@liq,shell of liq,shell@liq = shell structure,physical
shell@sol,shell of sol,shell@sol = shell structure,physical
shi^0.2,20% shi,shi^0.2 = 20% effect,physical
shi^0.4,40% shi,shi^0.4 = 40% effect,physical
shi^0.6,60% shi,shi^0.6 = 60% effect,physical
shi^0.8,highly shiny,shi^0.8 = glossy,physical
sil^0.9,silky smooth,sil^0.9 = glossy fluid,physical
sin*den,singularity density,sin*den = black hole,physical
skin@gas,skin of gas,skin@gas = skin structure,physical
skin@liq,skin of liq,skin@liq = skin structure,physical
skin@sol,skin of sol,skin@sol = skin structure,physical
sli*fre,slipping-friction,sli*fre = sliding resistance,physical
sli*sha,sliding-shaking,sli*sha = seismic motion,physical
sli*sti,stick-slip friction,sli*sti = squeaky contact,physical
sli^0.3,slow slide,sli^0.3 = creeping motion,physical
sli^0.9,extremely slippery,sli^0.9 = ice surface,physical
sma given pre,pressure on small object,sma given pre = point load,physical
sma*big,multi-scale structure,sma*big = hierarchical,physical
sma*vis,tiny visible boundary,sma*vis = microscopic visible,physical
sma@mol,molecular-scale small,sma@mol = atomic structure,physical
sma^0.1,10% small,sma^0.1 = 10% small,physical
sma^0.15,15% small,sma^0.15 = slightly small,physical
sma^0.25,25% small,sma^0.25 = fairly small,physical
sma^0.3,30% small,sma^0.3 = 30% small,physical
sma^0.35,35% small,sma^0.35 = noticeably small,physical
sma^0.45,45% small,sma^0.45 = moderately small,physical
sma^0.5,50% small,sma^0.5 = 50% small,physical
sma^0.55,55% small,sma^0.55 = quite small,physical
sma^0.65,65% small,sma^0.65 = very small,physical
sma^0.7,70% small,sma^0.7 = 70% small,physical
sma^0.75,75% small,sma^0.75 = extremely small,physical
sma^0.85,85% small,sma^0.85 = microscopic,physical
sma^0.9,90% small,sma^0.9 = 90% small,physical
smo*pol*shi,smooth-polished-shiny,smo*pol*shi = mirror surface,physical
smo*ruf,complex texture,smo*ruf = both qualities,physical
smo@gla,smooth glass,smo@gla = light transmission,physical
smo@ruf,smooth-rough duality,smo@ruf = mixed texture,physical
smo@sti,smooth-sticky surface,smo@sti = adhesive smoothness,physical
smo^0.1,10% smooth,smo^0.1 = 10% smooth,physical
smo^0.15,15% smooth,smo^0.15 = slightly smooth,physical
smo^0.25,25% smooth,smo^0.25 = fairly smooth,physical
smo^0.3,30% smooth,smo^0.3 = 30% smooth,physical
smo^0.35,35% smooth,smo^0.35 = somewhat smooth,physical
smo^0.45,45% smooth,smo^0.45 = moderately smooth,physical
smo^0.5,50% smooth,smo^0.5 = 50% smooth,physical
smo^0.55,55% smooth,smo^0.55 = quite smooth,physical
smo^0.65,65% smooth,smo^0.65 = very smooth,physical
smo^0.7,70% smooth,smo^0.7 = 70% smooth,physical
smo^0.75,75% smooth,smo^0.75 = extremely smooth,physical
smo^0.85,85% smooth,smo^0.85 = mirror-like,physical
smo^0.9,90% smooth,smo^0.9 = 90% smooth,physical
sof given mov^0.5,sof under moderate mov,sof given mov^0.5 = sof at medium mov,physical
sof given pre^0.5,sof under moderate pre,sof given pre^0.5 = sof at medium pre,physical
sof given tem^0.5,sof under moderate tem,sof given tem^0.5 = sof at medium tem,physical
sof given tim^0.5,sof under moderate tim,sof given tim^0.5 = sof at medium tim,physical
sof without sli,soft but grippy,sof without sli = tactile softness,physical
sof*flu*mob,soft-fluid-mobile,sof*flu*mob = flexible flow,physical
sof*lis,soft-lissom,sof*lis = fluid movement,physical
sof@liq,liquid softness,sof@liq = fluidity,physical
sof@woo,wood softness,sof@woo = tractability,physical
sof^0.1,10% softness,sof^0.1 = 10% soft,physical
sof^0.15,15% sof intensity,sof^0.15 = 15% effect,physical
sof^0.25,25% sof intensity,sof^0.25 = 25% effect,physical
sof^0.3,30% softness,sof^0.3 = 30% soft,physical
sof^0.35,35% sof intensity,sof^0.35 = 35% effect,physical
sof^0.45,45% soft,sof^0.45 = quite soft,physical
sof^0.5,50% softness,sof^0.5 = 50% soft,physical
sof^0.55,55% soft,sof^0.55 = very soft,physical
sof^0.65,65% soft,sof^0.65 = extremely soft,physical
sof^0.7,70% softness,sof^0.7 = 70% soft,physical
sof^0.75,75% soft,sof^0.75 = cloud-like,physical
sof^0.85,85% soft,sof^0.85 = feather-light,physical
sof^0.9,90% softness,sof^0.9 = 90% soft,physical
soil given wet,saturated soil,soil given wet = boggy ground,physical
sol given hot,heat-softened solid,sol given hot = malleable,physical
sol given hot given mov,heated moving solid,sol given hot given mov = thermal motion,physical
sol given hot^0.6 given pre^0.7 given tim^0.5,heat-pressure-time transformation,sol given hot^0.6 given pre^0.7 given tim^0.5 = annealing,physical
sol given hot^0.7 given pre^0.6,heat-pressure deformed,sol given hot^0.7 given pre^0.6 = metamorphic,physical
sol given hot^0.8,soft solid,sol given hot^0.8 = heat-weakened,physical
sol given mov,moving solid,sol given mov = kinetic energy,physical
sol given mov^0.5,sol under moderate mov,sol given mov^0.5 = sol at medium mov,physical
sol given pre,pressurized solid,sol given pre = compressed,physical
sol given pre^0.5,sol under moderate pre,sol given pre^0.5 = sol at medium pre,physical
sol given pre^0.9,pressurized solid,sol given pre^0.9 = compressed,physical
sol given tem^0.5,sol under moderate tem,sol given tem^0.5 = sol at medium tem,physical
sol given tim^0.5,sol under moderate tim,sol given tim^0.5 = sol at medium tim,physical
sol without gas,sol absence of gas,sol without gas = pure sol,physical
sol without har,soft solid,sol without har = plastic,physical
sol without liq,pure solid,sol without liq = anhydrous,physical
sol*col,solid-colloidal,sol*col = suspension,physical
sol*gas,powder/dust/aerosol,sol*gas = flour powder in air,physical
sol*gas@coa,coarse powder,sol*gas@coa = sand-like,physical
sol*gas@fin,fine powder,sol*gas@fin = talc-like,physical
sol*gas@inter,solid-gas interface,sol*gas@inter = adsorption,physical
sol*liq,gel/colloid state,sol*liq = non-Newtonian fluid,physical
sol*liq given tem,glassy state,sol*liq given tem = amorphous,physical
sol*liq*gas,three-state mixture,sol*liq*gas = emulsion/slurry,physical
sol*liq*gas*pla,four-state system,sol*liq*gas*pla = all phases,physical
sol*liq@surf,solid-liquid boundary,sol*liq@surf = meniscus,physical
sol*liq@tex,textured gel,sol*liq@tex = jelly with crystalline texture,physical
sol*mel*liq,partial melt to liquid,sol*mel*liq = melting progression,physical
sol*mel*liq*eva*gas,complete phase sequence,sol*mel*liq*eva*gas = full transformation,physical
sol*pol,solid-polymorphic,sol*pol = phase variant,physical
sol*tex,solid texture interaction,sol*tex = surface pattern,physical
sol@col,col aspect of sol,sol@col = col in sol,physical
sol@dry,dry aspect of sol,sol@dry = dry in sol,physical
sol@ent,solid entanglement,sol@ent = quantum solid,physical
sol@har,har aspect of sol,sol@har = har in sol,physical
sol@har^0.2,sol with 20% har,sol@har^0.2 = 20% affected sol,physical
sol@har^0.4,sol with 40% har,sol@har^0.4 = 40% affected sol,physical
sol@har^0.6,sol with 60% har,sol@har^0.6 = 60% affected sol,physical
sol@har^0.8,sol with 80% har,sol@har^0.8 = 80% affected sol,physical
sol@hot,hot aspect of sol,sol@hot = hot in sol,physical
sol@ruf,ruf aspect of sol,sol@ruf = ruf in sol,physical
sol@smo,smo aspect of sol,sol@smo = smo in sol,physical
sol@sof,sof aspect of sol,sol@sof = sof in sol,physical
sol@vis,vis aspect of sol,sol@vis = vis in sol,physical
sol@wet,wet aspect of sol,sol@wet = wet in sol,physical
sol^0.1 ... sol^0.9,soft to hard spectrum,sol^0.1 ... sol^0.9 = solidity range,physical
sol^0.15,15% solid state,sol^0.15 = slightly solid,physical
sol^0.25,25% solid state,sol^0.25 = softly solid,physical
sol^0.3,soft solid,sol^0.3 = clay-like,physical
sol^0.35,35% solid state,sol^0.35 = moderately solid,physical
sol^0.45,45% solid state,sol^0.45 = semi-solid,physical
sol^0.5,medium solid,sol^0.5 = normal solid,physical
sol^0.55,55% solid state,sol^0.55 = mostly solid,physical
sol^0.65,65% solid state,sol^0.65 = quite solid,physical
sol^0.7,firm solid,sol^0.7 = hard solid,physical
sol^0.75,75% solid state,sol^0.75 = very solid,physical
sol^0.85,85% solid state,sol^0.85 = nearly solid,physical
sol^0.9,extremely solid,sol^0.9 = rigid crystal,physical
solution*evap*cryst*powder,salt crystallization,solution*evap*cryst*powder = precipitate,physical
sol±gas,sublimation/deposition,sol±gas = direct change,physical
sol±gas@sub,sublimation equilibrium,sol±gas@sub = triple point,physical
sol±liq,melting/freezing equilibrium,sol±liq = phase boundary,physical
sol±liq@tem,phase equilibrium at temperature,sol±liq@tem = melting point,physical
som given col^0.99,Sommerfeld-cold,som given col^0.99 = degenerate matter,physical
ste*cor,structural corrosion,ste*cor = material failure,physical
sti^0.8,very sticky,sti^0.8 = tar-like,physical
sto given col^0.8,stone with 80% col condition,sto given col^0.8 = modified stone,physical
sto given har^0.3,stone with 30% har condition,sto given har^0.3 = modified stone,physical
sto given har^0.7,stone with 70% har condition,sto given har^0.7 = modified stone,physical
sto given hot^0.6,stone with 60% hot condition,sto given hot^0.6 = modified stone,physical
sto given pre,compressed stone,sto given pre = metamorphic,physical
sto given ruf^0.4,stone with 40% ruf condition,sto given ruf^0.4 = modified stone,physical
sto given smo^0.7,stone with 70% smo condition,sto given smo^0.7 = modified stone,physical
sto given sof^0.5,stone with 50% sof condition,sto given sof^0.5 = modified stone,physical
sto without wea,fresh stone,sto without wea = quarry rock,physical
sto*ero,eroding stone,sto*ero = weathering rock,physical
sto*har,hard stone,sto*har = granite-like,physical
sto*lav,stone-lava interaction,sto*lav = cooling magma,physical
sto@col,col aspect of sto,sto@col = col in sto,physical
sto@ero^0.2,sto with 20% ero,sto@ero^0.2 = 20% affected sto,physical
sto@ero^0.4,sto with 40% ero,sto@ero^0.4 = 40% affected sto,physical
sto@ero^0.6,sto with 60% ero,sto@ero^0.6 = 60% affected sto,physical
sto@ero^0.8,sto with 80% ero,sto@ero^0.8 = 80% affected sto,physical
sto@har,hard stone,sto@har = granite-like,physical
sto@hot,hot aspect of sto,sto@hot = hot in sto,physical
sto@ruf,ruf aspect of sto,sto@ruf = ruf in sto,physical
sto@smo,smo aspect of sto,sto@smo = smo in sto,physical
sto@sof,sof aspect of sto,sto@sof = sof in sto,physical
sto@sol,stone in solid,sto@sol = stone structure,physical
sto@vis,vis aspect of sto,sto@vis = vis in sto,physical
sto@wet,wet aspect of sto,sto@wet = wet in sto,physical
sto^0.7,dense stone,sto^0.7 = mineral-rich,physical
str^0.2,20% str,str^0.2 = 20% effect,physical
str^0.4,40% str,str^0.4 = 40% effect,physical
str^0.5,moderate stretch,str^0.5 = elastic extension,physical
str^0.6,60% str,str^0.6 = 60% effect,physical
str^0.8,80% str,str^0.8 = 80% effect,physical
str^0.9,extreme stretch,str^0.9 = rupture point,physical
sub given tim^0.6,moderate sublimation,sub given tim^0.6 = dry ice loss,physical
sub*eva,sublimation-evaporation,sub*eva = direct vaporization,physical
sub*sol,sublimation-solidification,sub*sol = deposition,physical
sub@0.0,sublimation point,sub@0.0 = triple point,physical
sub^0.5,partial sublimation,sub^0.5 = dry ice losing,physical
sur*war,surface warping,sur*war = deformation,physical
sur^0.1,10% surface effect,sur^0.1 = minimal surface,physical
sur^0.9,90% surface effect,sur^0.9 = high surface,physical
tem given pre@alt,altitude-dependent temp,tem given pre@alt = thin cold air,physical
tem@crit,at critical temperature,tem@crit = supercritical,physical
tex*ero,texture erosion,tex*ero = surface loss,physical
tex*grain,grain texture,tex*grain = surface pattern,physical
tim^0.2,20% tim,tim^0.2 = 20% effect,physical
tim^0.4,40% tim,tim^0.4 = 40% effect,physical
tim^0.6,60% tim,tim^0.6 = 60% effect,physical
tim^0.8,80% tim,tim^0.8 = 80% effect,physical
tou@har,contact with har aspect,tou@har = contact affecting har,physical
tou@liq,liquid contact,tou@liq = immersion,physical
tou@smo,contact with smo aspect,tou@smo = contact affecting smo,physical
tou@sol,solid contact,tou@sol = hard touching,physical
tou@tem,contact with tem aspect,tou@tem = contact affecting tem,physical
tou@vis,contact with vis aspect,tou@vis = contact affecting vis,physical
tou^0.3,light contact,tou^0.3 = gentle touch,physical
tou^0.9,firm contact,tou^0.9 = pressing,physical
tra without vis,transparent void,tra without vis = invisible,physical
tra^0.2,20% tra,tra^0.2 = 20% effect,physical
tra^0.4,40% tra,tra^0.4 = 40% effect,physical
tra^0.5,semi-transparent,tra^0.5 = tinted glass,physical
tra^0.6,60% tra,tra^0.6 = 60% effect,physical
tra^0.8,80% tra,tra^0.8 = 80% effect,physical
twi*rol,twisting-rolling,twi*rol = helical motion,physical
twi@rig,twisting rigid,twi@rig = torsional stress,physical
twi^0.5,moderate twist,twi^0.5 = partial torsion,physical
twi^0.9,tight twist,twi^0.9 = high torsional stress,physical
vap given hot,hot vapor,vap given hot = superheated,physical
vap given hot@air,hot vapor in air,vap given hot@air = heat shimmer,physical
vap*gas,vapor-gas mixture,vap*gas = humid air,physical
vap@inv,invisible vapor,vap@inv = gaseous,physical
vap@vis,visible vapor,vap@vis = condensed wisps,physical
vel^0.9,extremely velvety,vel^0.9 = soft plush,physical
vib given tim^0.5,moderate vibration,vib given tim^0.5 = trembling,physical
vib*osc,vibration pattern,vib*osc = oscillatory modes,physical
vis > inv,visibility dominance,vis > inv = opaque material,physical
vis given hot given tem,thermal visibility change,vis given hot given tem = refraction,physical
vis without cle,visible but unclear,vis without cle = opaque gloss,physical
vis without opa,vis absence of opa,vis without opa = pure vis,physical
vis*opa*tra,visibility spectrum,vis*opa*tra = tinted gradient,physical
vis*tra*cle,visible-transparent-clear,vis*tra*cle = crystal clear,physical
vis^0.0 ... vis^1.0,opaque to transparent,vis^0.0 ... vis^1.0 = visibility range,physical
vis^0.0*bri^1.0,paradox: opaque bright,vis^0.0*bri^1.0 = light-emitting black,physical
vis^0.1,barely visible,vis^0.1 = nearly opaque,physical
vis^0.2,20% vis,vis^0.2 = 20% effect,physical
vis^0.4,40% vis,vis^0.4 = 40% effect,physical
vis^0.5,partially visible,vis^0.5 = translucent,physical
vis^0.6,60% vis,vis^0.6 = 60% effect,physical
vis^0.8,80% vis,vis^0.8 = 80% effect,physical
vis^0.9,completely visible,vis^0.9 = transparent,physical
vis±inv,visibility-invisibility,vis±inv = perceptual threshold,physical
void@ful,void in full,void@ful = partial density,physical
vol^0.3,30% volume,vol^0.3 = small volume,physical
vol^0.7,70% volume,vol^0.7 = large volume,physical
wall@gas,wall of gas,wall@gas = wall structure,physical
wall@liq,wall of liq,wall@liq = wall structure,physical
wall@sol,wall of sol,wall@sol = wall structure,physical
war given tem,heat-warped,war given tem = wood warping,physical
wat given big,water in large volume,wat given big = bulk liquid,physical
wat given col^0.95,ice formation,wat given col^0.95 = freezing,physical
wat given col^0.99,ice crystalline,wat given col^0.99 = frozen,physical
wat given col^0.99 given pre^0.9,deep ice conditions,wat given col^0.99 given pre^0.9 = frozen under pressure,physical
wat given hot^0.95,superheated water,wat given hot^0.95 = steam,physical
wat given tem^0.1,ice formation,wat given tem^0.1 = freezing point,physical
wat given tem^0.9,boiling water,wat given tem^0.9 = steam state,physical
wat without col,warm water,wat without col = room temp,physical
wat without sol,pure water,wat without sol = H2O alone,physical
wat*flo,flowing water,wat*flo = current,physical
wat*sol,solution state,wat*sol = dissolved,physical
wat@cle,clear water,wat@cle = pure transparent,physical
wat@col,cold water state,wat@col = chilled,physical
wav*pre,wave-pressure coupling,wav*pre = shock wave,physical
wav@air,air waves,wav@air = sound,physical
wav@down,wav in down direction,wav@down = directed wav,physical
wav@in,wav in in direction,wav@in = directed wav,physical
wav@up,wav in up direction,wav@up = directed wav,physical
wav@wat,water waves,wav@wat = ocean surface,physical
wav^0.5,moderate waves,wav^0.5 = water ripples,physical
wav^0.9,intense waves,wav^0.9 = storm surge,physical
wea given tim^0.9,rapid weathering,wea given tim^0.9 = chemical attack,physical
wea^0.2,20% wea,wea^0.2 = 20% effect,physical
wea^0.4,40% wea,wea^0.4 = 40% effect,physical
wea^0.5,moderate weathering,wea^0.5 = seasonal change,physical
wea^0.6,60% wea,wea^0.6 = 60% effect,physical
wea^0.8,80% wea,wea^0.8 = 80% effect,physical
wear given mov*fre,wear from motion and friction,wear given mov*fre = abrasion,physical
wet given sol,water-saturated solid,wet given sol = swelling,physical
wet without dry,wet absence of dry,wet without dry = pure wet,physical
wet without flu,wet but stagnant,wet without flu = saturated stasis,physical
wet*dry,moisture transition,wet*dry = drying process,physical
wet*dry*flu,moisture-flow state,wet*dry*flu = drying process,physical
wet^0.2,20% wet,wet^0.2 = 20% effect,physical
wet^0.4,40% wet,wet^0.4 = 40% effect,physical
wet^0.5,moderately wet,wet^0.5 = damp,physical
wet^0.6,60% wet,wet^0.6 = 60% effect,physical
wet^0.8,80% wet,wet^0.8 = 80% effect,physical
wet^0.9,completely soaked,wet^0.9 = saturated,physical
wet±dry,moisture symmetry,wet±dry = equilibrium humidity,physical
woo given col^0.8,wood with 80% col condition,woo given col^0.8 = modified wood,physical
woo given har^0.3,wood with 30% har condition,woo given har^0.3 = modified wood,physical
woo given har^0.7,wood with 70% har condition,woo given har^0.7 = modified wood,physical
woo given hot,charring wood,woo given hot = heat-darkened,physical
woo given hot^0.6,wood with 60% hot condition,woo given hot^0.6 = modified wood,physical
woo given ruf^0.4,wood with 40% ruf condition,woo given ruf^0.4 = modified wood,physical
woo given smo^0.7,wood with 70% smo condition,woo given smo^0.7 = modified wood,physical
woo given sof^0.5,wood with 50% sof condition,woo given sof^0.5 = modified wood,physical
woo without rot,sound wood,woo without rot = undecayed,physical
woo*coa,coarse wood,woo*coa = rough grain,physical
woo*dry,seasoned wood,woo*dry = kiln-dried,physical
woo*dry*shr*cra,wood shrinkage cracking,woo*dry*shr*cra = desiccation,physical
woo*wet,wet wood,woo*wet = green wood,physical
woo@col,col aspect of woo,woo@col = col in woo,physical
woo@dry,dry aspect of woo,woo@dry = dry in woo,physical
woo@dry^0.2,woo with 20% dry,woo@dry^0.2 = 20% affected woo,physical
woo@dry^0.4,woo with 40% dry,woo@dry^0.4 = 40% affected woo,physical
woo@dry^0.6,woo with 60% dry,woo@dry^0.6 = 60% affected woo,physical
woo@dry^0.8,woo with 80% dry,woo@dry^0.8 = 80% affected woo,physical
woo@har,har aspect of woo,woo@har = har in woo,physical
woo@hot,hot aspect of woo,woo@hot = hot in woo,physical
woo@ruf,ruf aspect of woo,woo@ruf = ruf in woo,physical
woo@smo,smo aspect of woo,woo@smo = smo in woo,physical
woo@sof,sof aspect of woo,woo@sof = sof in woo,physical
woo@sol,wood in solid,woo@sol = wooden structure,physical
woo@tex,textured wood,woo@tex = grain pattern,physical
woo@vis,vis aspect of woo,woo@vis = vis in woo,physical
woo@wet,wet aspect of woo,woo@wet = wet in woo,physical
work@bre,work in bre,work@bre = work for bre,physical
work@eva,work in eva,work@eva = work for eva,physical
work@mel,work in mel,work@mel = work for mel,physical
work@mix,work in mix,work@mix = work for mix,physical
work@mov,work in mov,work@mov = work for mov,physical
yie@har,yield point hardness,yie@har = elastic limit,physical
